frame,playback_s,phase,alpha,moving,waiting,at_goal
0,0.0,0,0.0,64,0,0
30,0.5,1,0.25,64,0,0
60,1.0,2,0.5,63,1,0
90,1.5,3,0.75,1,63,0
120,2.0,5,0.0,2,62,0
150,2.5,6,0.25,61,3,0
180,3.0,7,0.5,3,61,0
210,3.5,8,0.75,62,2,0
240,4.0,10,0.0,64,0,0
270,4.5,11,0.25,59,0,5
300,5.0,12,0.5,55,0,9
330,5.5,13,0.75,49,1,14
360,6.0,15,0.0,48,1,15
390,6.5,16,0.25,1,44,19
420,7.0,17,0.5,43,2,19
450,7.5,18,0.75,2,41,21
480,8.0,20,0.0,2,37,25
510,8.5,21,0.25,39,0,25
540,9.0,22,0.5,36,1,27
570,9.5,23,0.75,1,34,29
600,10.0,25,0.0,2,32,30
630,10.5,26,0.25,33,1,30
660,11.0,27,0.5,1,29,34
690,11.5,28,0.75,29,0,35
720,12.0,30,0.0,23,0,41
750,12.5,31,0.25,21,0,43
780,13.0,32,0.5,19,0,45
810,13.5,33,0.75,16,0,48
840,14.0,35,0.0,9,0,55
870,14.5,36,0.25,7,0,57
900,15.0,37,0.5,6,0,58
930,15.5,38,0.75,5,0,59
960,16.0,40,0.0,3,0,61
990,16.5,41,0.25,2,0,62
1020,17.0,42,0.5,2,0,62
1050,17.5,43,0.75,1,0,63
1080,18.0,45,0.0,1,0,63
1110,18.5,46,0.25,1,0,63
1128,18.8,46,1.0,0,0,64
