video_time_s,solver_step,currently_at_goal,total_agents
0.000000,0,0,1000000
0.033333,1,0,1000000
0.066667,2,0,1000000
0.100000,3,0,1000000
0.133333,4,0,1000000
0.166667,5,0,1000000
0.200000,6,0,1000000
0.233333,7,0,1000000
0.266667,8,0,1000000
0.300000,9,0,1000000
0.333333,10,0,1000000
0.366667,11,0,1000000
0.400000,12,0,1000000
0.433333,13,0,1000000
0.466667,14,0,1000000
0.500000,15,0,1000000
0.533333,16,0,1000000
0.566667,17,0,1000000
0.600000,18,0,1000000
0.633333,19,0,1000000
0.666667,20,0,1000000
0.700000,21,0,1000000
0.733333,22,0,1000000
0.766667,23,0,1000000
0.800000,24,0,1000000
0.833333,25,0,1000000
0.866667,26,0,1000000
0.900000,27,0,1000000
0.933333,28,0,1000000
0.966667,29,0,1000000
1.000000,30,0,1000000
1.033333,31,0,1000000
1.066667,32,0,1000000
1.100000,33,0,1000000
1.133333,34,0,1000000
1.166667,35,0,1000000
1.200000,36,0,1000000
1.233333,37,0,1000000
1.266667,38,0,1000000
1.300000,39,0,1000000
1.333333,40,0,1000000
1.366667,41,0,1000000
1.400000,42,0,1000000
1.433333,43,0,1000000
1.466667,44,0,1000000
1.500000,45,0,1000000
1.533333,46,0,1000000
1.566667,47,0,1000000
1.600000,48,0,1000000
1.633333,49,0,1000000
1.666667,50,0,1000000
1.700000,51,0,1000000
1.733333,52,0,1000000
1.766667,53,0,1000000
1.800000,54,0,1000000
1.833333,55,0,1000000
1.866667,56,0,1000000
1.900000,57,0,1000000
1.933333,58,0,1000000
1.966667,59,0,1000000
2.000000,60,0,1000000
2.033333,61,0,1000000
2.066667,62,0,1000000
2.100000,63,0,1000000
2.133333,64,0,1000000
2.166667,65,0,1000000
2.200000,66,0,1000000
2.233333,67,0,1000000
2.266667,68,0,1000000
2.300000,69,0,1000000
2.333333,70,0,1000000
2.366667,71,0,1000000
2.400000,72,0,1000000
2.433333,73,0,1000000
2.466667,74,0,1000000
2.500000,75,0,1000000
2.533333,76,0,1000000
2.566667,77,0,1000000
2.600000,78,0,1000000
2.633333,79,0,1000000
2.666667,80,0,1000000
2.700000,81,0,1000000
2.733333,82,0,1000000
2.766667,83,0,1000000
2.800000,84,0,1000000
2.833333,85,0,1000000
2.866667,86,0,1000000
2.900000,87,0,1000000
2.933333,88,0,1000000
2.966667,89,0,1000000
3.000000,90,0,1000000
3.033333,91,0,1000000
3.066667,92,0,1000000
3.100000,93,0,1000000
3.133333,94,0,1000000
3.166667,95,0,1000000
3.200000,96,0,1000000
3.233333,97,0,1000000
3.266667,98,0,1000000
3.300000,99,0,1000000
3.333333,100,0,1000000
3.366667,101,0,1000000
3.400000,102,0,1000000
3.433333,103,0,1000000
3.466667,104,0,1000000
3.500000,105,0,1000000
3.533333,106,0,1000000
3.566667,107,0,1000000
3.600000,108,0,1000000
3.633333,109,0,1000000
3.666667,110,0,1000000
3.700000,111,0,1000000
3.733333,112,0,1000000
3.766667,113,0,1000000
3.800000,114,0,1000000
3.833333,115,0,1000000
3.866667,116,0,1000000
3.900000,117,0,1000000
3.933333,118,0,1000000
3.966667,119,0,1000000
4.000000,120,0,1000000
4.033333,121,0,1000000
4.066667,122,0,1000000
4.100000,123,0,1000000
4.133333,124,0,1000000
4.166667,125,0,1000000
4.200000,126,0,1000000
4.233333,127,0,1000000
4.266667,128,0,1000000
4.300000,129,0,1000000
4.333333,130,0,1000000
4.366667,131,0,1000000
4.400000,132,0,1000000
4.433333,133,0,1000000
4.466667,134,0,1000000
4.500000,135,0,1000000
4.533333,136,0,1000000
4.566667,137,0,1000000
4.600000,138,0,1000000
4.633333,139,0,1000000
4.666667,140,0,1000000
4.700000,141,0,1000000
4.733333,142,0,1000000
4.766667,143,0,1000000
4.800000,144,0,1000000
4.833333,145,0,1000000
4.866667,146,0,1000000
4.900000,147,0,1000000
4.933333,148,0,1000000
4.966667,149,0,1000000
5.000000,150,0,1000000
5.033333,151,0,1000000
5.066667,152,0,1000000
5.100000,153,0,1000000
5.133333,154,0,1000000
5.166667,155,0,1000000
5.200000,156,0,1000000
5.233333,157,0,1000000
5.266667,158,0,1000000
5.300000,159,0,1000000
5.333333,160,0,1000000
5.366667,161,0,1000000
5.400000,162,0,1000000
5.433333,163,0,1000000
5.466667,164,0,1000000
5.500000,165,0,1000000
5.533333,166,0,1000000
5.566667,167,0,1000000
5.600000,168,0,1000000
5.633333,169,0,1000000
5.666667,170,0,1000000
5.700000,171,0,1000000
5.733333,172,0,1000000
5.766667,173,0,1000000
5.800000,174,0,1000000
5.833333,175,0,1000000
5.866667,176,0,1000000
5.900000,177,0,1000000
5.933333,178,0,1000000
5.966667,179,0,1000000
6.000000,180,0,1000000
6.033333,181,0,1000000
6.066667,182,0,1000000
6.100000,183,0,1000000
6.133333,184,0,1000000
6.166667,185,0,1000000
6.200000,186,0,1000000
6.233333,187,0,1000000
6.266667,188,0,1000000
6.300000,189,0,1000000
6.333333,190,0,1000000
6.366667,191,0,1000000
6.400000,192,0,1000000
6.433333,193,0,1000000
6.466667,194,0,1000000
6.500000,195,0,1000000
6.533333,196,0,1000000
6.566667,197,0,1000000
6.600000,198,0,1000000
6.633333,199,0,1000000
6.666667,200,0,1000000
6.700000,201,0,1000000
6.733333,202,0,1000000
6.766667,203,0,1000000
6.800000,204,0,1000000
6.833333,205,0,1000000
6.866667,206,0,1000000
6.900000,207,0,1000000
6.933333,208,0,1000000
6.966667,209,0,1000000
7.000000,210,0,1000000
7.033333,211,0,1000000
7.066667,212,0,1000000
7.100000,213,0,1000000
7.133333,214,0,1000000
7.166667,215,0,1000000
7.200000,216,0,1000000
7.233333,217,0,1000000
7.266667,218,0,1000000
7.300000,219,0,1000000
7.333333,220,0,1000000
7.366667,221,0,1000000
7.400000,222,0,1000000
7.433333,223,0,1000000
7.466667,224,0,1000000
7.500000,225,0,1000000
7.533333,226,0,1000000
7.566667,227,0,1000000
7.600000,228,0,1000000
7.633333,229,0,1000000
7.666667,230,0,1000000
7.700000,231,0,1000000
7.733333,232,0,1000000
7.766667,233,0,1000000
7.800000,234,0,1000000
7.833333,235,0,1000000
7.866667,236,0,1000000
7.900000,237,0,1000000
7.933333,238,0,1000000
7.966667,239,0,1000000
8.000000,240,0,1000000
8.033333,241,0,1000000
8.066667,242,0,1000000
8.100000,243,0,1000000
8.133333,244,0,1000000
8.166667,245,0,1000000
8.200000,246,0,1000000
8.233333,247,0,1000000
8.266667,248,0,1000000
8.300000,249,0,1000000
8.333333,250,0,1000000
8.366667,251,0,1000000
8.400000,252,0,1000000
8.433333,253,0,1000000
8.466667,254,0,1000000
8.500000,255,0,1000000
8.533333,256,0,1000000
8.566667,257,0,1000000
8.600000,258,0,1000000
8.633333,259,0,1000000
8.666667,260,0,1000000
8.700000,261,0,1000000
8.733333,262,0,1000000
8.766667,263,0,1000000
8.800000,264,0,1000000
8.833333,265,0,1000000
8.866667,266,0,1000000
8.900000,267,0,1000000
8.933333,268,0,1000000
8.966667,269,0,1000000
9.000000,270,0,1000000
9.033333,271,0,1000000
9.066667,272,0,1000000
9.100000,273,0,1000000
9.133333,274,0,1000000
9.166667,275,0,1000000
9.200000,276,0,1000000
9.233333,277,0,1000000
9.266667,278,0,1000000
9.300000,279,0,1000000
9.333333,280,0,1000000
9.366667,281,0,1000000
9.400000,282,0,1000000
9.433333,283,0,1000000
9.466667,284,0,1000000
9.500000,285,0,1000000
9.533333,286,0,1000000
9.566667,287,0,1000000
9.600000,288,0,1000000
9.633333,289,0,1000000
9.666667,290,0,1000000
9.700000,291,0,1000000
9.733333,292,0,1000000
9.766667,293,0,1000000
9.800000,294,0,1000000
9.833333,295,0,1000000
9.866667,296,0,1000000
9.900000,297,0,1000000
9.933333,298,0,1000000
9.966667,299,0,1000000
10.000000,300,0,1000000
10.033333,301,0,1000000
10.066667,302,0,1000000
10.100000,303,0,1000000
10.133333,304,0,1000000
10.166667,305,0,1000000
10.200000,306,0,1000000
10.233333,307,0,1000000
10.266667,308,0,1000000
10.300000,309,0,1000000
10.333333,310,0,1000000
10.366667,311,0,1000000
10.400000,312,0,1000000
10.433333,313,0,1000000
10.466667,314,0,1000000
10.500000,315,0,1000000
10.533333,316,0,1000000
10.566667,317,0,1000000
10.600000,318,0,1000000
10.633333,319,0,1000000
10.666667,320,0,1000000
10.700000,321,0,1000000
10.733333,322,0,1000000
10.766667,323,0,1000000
10.800000,324,0,1000000
10.833333,325,0,1000000
10.866667,326,0,1000000
10.900000,327,0,1000000
10.933333,328,0,1000000
10.966667,329,0,1000000
11.000000,330,0,1000000
11.033333,331,0,1000000
11.066667,332,0,1000000
11.100000,333,0,1000000
11.133333,334,0,1000000
11.166667,335,0,1000000
11.200000,336,0,1000000
11.233333,337,0,1000000
11.266667,338,0,1000000
11.300000,339,0,1000000
11.333333,340,0,1000000
11.366667,341,0,1000000
11.400000,342,0,1000000
11.433333,343,0,1000000
11.466667,344,0,1000000
11.500000,345,0,1000000
11.533333,346,0,1000000
11.566667,347,0,1000000
11.600000,348,0,1000000
11.633333,349,0,1000000
11.666667,350,0,1000000
11.700000,351,0,1000000
11.733333,352,0,1000000
11.766667,353,0,1000000
11.800000,354,0,1000000
11.833333,355,0,1000000
11.866667,356,0,1000000
11.900000,357,0,1000000
11.933333,358,0,1000000
11.966667,359,0,1000000
12.000000,360,0,1000000
12.033333,361,0,1000000
12.066667,362,0,1000000
12.100000,363,0,1000000
12.133333,364,0,1000000
12.166667,365,0,1000000
12.200000,366,0,1000000
12.233333,367,0,1000000
12.266667,368,0,1000000
12.300000,369,0,1000000
12.333333,370,0,1000000
12.366667,371,0,1000000
12.400000,372,0,1000000
12.433333,373,0,1000000
12.466667,374,0,1000000
12.500000,375,0,1000000
12.533333,376,0,1000000
12.566667,377,0,1000000
12.600000,378,0,1000000
12.633333,379,0,1000000
12.666667,380,0,1000000
12.700000,381,0,1000000
12.733333,382,0,1000000
12.766667,383,0,1000000
12.800000,384,0,1000000
12.833333,385,0,1000000
12.866667,386,0,1000000
12.900000,387,0,1000000
12.933333,388,0,1000000
12.966667,389,0,1000000
13.000000,390,0,1000000
13.033333,391,0,1000000
13.066667,392,0,1000000
13.100000,393,0,1000000
13.133333,394,0,1000000
13.166667,395,0,1000000
13.200000,396,0,1000000
13.233333,397,0,1000000
13.266667,398,0,1000000
13.300000,399,0,1000000
13.333333,400,0,1000000
13.366667,401,0,1000000
13.400000,402,0,1000000
13.433333,403,0,1000000
13.466667,404,0,1000000
13.500000,405,0,1000000
13.533333,406,0,1000000
13.566667,407,0,1000000
13.600000,408,0,1000000
13.633333,409,0,1000000
13.666667,410,0,1000000
13.700000,411,0,1000000
13.733333,412,0,1000000
13.766667,413,0,1000000
13.800000,414,0,1000000
13.833333,415,0,1000000
13.866667,416,0,1000000
13.900000,417,0,1000000
13.933333,418,0,1000000
13.966667,419,0,1000000
14.000000,420,0,1000000
14.033333,421,0,1000000
14.066667,422,0,1000000
14.100000,423,0,1000000
14.133333,424,0,1000000
14.166667,425,0,1000000
14.200000,426,0,1000000
14.233333,427,0,1000000
14.266667,428,0,1000000
14.300000,429,0,1000000
14.333333,430,0,1000000
14.366667,431,0,1000000
14.400000,432,0,1000000
14.433333,433,0,1000000
14.466667,434,0,1000000
14.500000,435,0,1000000
14.533333,436,0,1000000
14.566667,437,0,1000000
14.600000,438,0,1000000
14.633333,439,0,1000000
14.666667,440,0,1000000
14.700000,441,0,1000000
14.733333,442,0,1000000
14.766667,443,0,1000000
14.800000,444,0,1000000
14.833333,445,0,1000000
14.866667,446,0,1000000
14.900000,447,0,1000000
14.933333,448,0,1000000
14.966667,449,0,1000000
15.000000,450,0,1000000
15.033333,451,0,1000000
15.066667,452,0,1000000
15.100000,453,0,1000000
15.133333,454,0,1000000
15.166667,455,0,1000000
15.200000,456,0,1000000
15.233333,457,0,1000000
15.266667,458,0,1000000
15.300000,459,0,1000000
15.333333,460,0,1000000
15.366667,461,0,1000000
15.400000,462,0,1000000
15.433333,463,0,1000000
15.466667,464,0,1000000
15.500000,465,0,1000000
15.533333,466,0,1000000
15.566667,467,0,1000000
15.600000,468,0,1000000
15.633333,469,0,1000000
15.666667,470,0,1000000
15.700000,471,0,1000000
15.733333,472,0,1000000
15.766667,473,0,1000000
15.800000,474,0,1000000
15.833333,475,0,1000000
15.866667,476,0,1000000
15.900000,477,0,1000000
15.933333,478,0,1000000
15.966667,479,0,1000000
16.000000,480,0,1000000
16.033333,481,0,1000000
16.066667,482,0,1000000
16.100000,483,0,1000000
16.133333,484,0,1000000
16.166667,485,0,1000000
16.200000,486,0,1000000
16.233333,487,0,1000000
16.266667,488,0,1000000
16.300000,489,0,1000000
16.333333,490,0,1000000
16.366667,491,0,1000000
16.400000,492,0,1000000
16.433333,493,0,1000000
16.466667,494,0,1000000
16.500000,495,0,1000000
16.533333,496,0,1000000
16.566667,497,0,1000000
16.600000,498,0,1000000
16.633333,499,0,1000000
16.666667,500,0,1000000
16.700000,501,0,1000000
16.733333,502,0,1000000
16.766667,503,0,1000000
16.800000,504,0,1000000
16.833333,505,0,1000000
16.866667,506,0,1000000
16.900000,507,0,1000000
16.933333,508,0,1000000
16.966667,509,0,1000000
17.000000,510,0,1000000
17.033333,511,0,1000000
17.066667,512,0,1000000
17.100000,513,0,1000000
17.133333,514,0,1000000
17.166667,515,0,1000000
17.200000,516,0,1000000
17.233333,517,0,1000000
17.266667,518,0,1000000
17.300000,519,0,1000000
17.333333,520,0,1000000
17.366667,521,0,1000000
17.400000,522,0,1000000
17.433333,523,0,1000000
17.466667,524,0,1000000
17.500000,525,0,1000000
17.533333,526,0,1000000
17.566667,527,0,1000000
17.600000,528,0,1000000
17.633333,529,0,1000000
17.666667,530,0,1000000
17.700000,531,0,1000000
17.733333,532,0,1000000
17.766667,533,0,1000000
17.800000,534,0,1000000
17.833333,535,0,1000000
17.866667,536,0,1000000
17.900000,537,13152,1000000
17.933333,538,15564,1000000
17.966667,539,9124,1000000
18.000000,540,20760,1000000
18.033333,541,18352,1000000
18.066667,542,21336,1000000
18.100000,543,22587,1000000
18.133333,544,25859,1000000
18.166667,545,26315,1000000
18.200000,546,29416,1000000
18.233333,547,30226,1000000
18.266667,548,33572,1000000
18.300000,549,34449,1000000
18.333333,550,37058,1000000
18.366667,551,38345,1000000
18.400000,552,41151,1000000
18.433333,553,42511,1000000
18.466667,554,45045,1000000
18.500000,555,46203,1000000
18.533333,556,48765,1000000
18.566667,557,50118,1000000
18.600000,558,52334,1000000
18.633333,559,54152,1000000
18.666667,560,55880,1000000
18.700000,561,58051,1000000
18.733333,562,59795,1000000
18.766667,563,61871,1000000
18.800000,564,63510,1000000
18.833333,565,65169,1000000
18.866667,566,66968,1000000
18.900000,567,68308,1000000
18.933333,568,70524,1000000
18.966667,569,72220,1000000
19.000000,570,73920,1000000
19.033333,571,75753,1000000
19.066667,572,77366,1000000
19.100000,573,78695,1000000
19.133333,574,80926,1000000
19.166667,575,81815,1000000
19.200000,576,84312,1000000
19.233333,577,85715,1000000
19.266667,578,86886,1000000
19.300000,579,88251,1000000
19.333333,580,90018,1000000
19.366667,581,91509,1000000
19.400000,582,93061,1000000
19.433333,583,94409,1000000
19.466667,584,95268,1000000
19.500000,585,97054,1000000
19.533333,586,98127,1000000
19.566667,587,100264,1000000
19.600000,588,101318,1000000
19.633333,589,102310,1000000
19.666667,590,103844,1000000
19.700000,591,104786,1000000
19.733333,592,106843,1000000
19.766667,593,107189,1000000
19.800000,594,109157,1000000
19.833333,595,110189,1000000
19.866667,596,111989,1000000
19.900000,597,113293,1000000
19.933333,598,114482,1000000
19.966667,599,116442,1000000
20.000000,600,116623,1000000
20.033333,601,118344,1000000
20.066667,602,119878,1000000
20.100000,603,121391,1000000
20.133333,604,122941,1000000
20.166667,605,124155,1000000
20.200000,606,125660,1000000
20.233333,607,126867,1000000
20.266667,608,128984,1000000
20.300000,609,129878,1000000
20.333333,610,131085,1000000
20.366667,611,132801,1000000
20.400000,612,133356,1000000
20.433333,613,135836,1000000
20.466667,614,137130,1000000
20.500000,615,138743,1000000
20.533333,616,140417,1000000
20.566667,617,141677,1000000
20.600000,618,143985,1000000
20.633333,619,144955,1000000
20.666667,620,146658,1000000
20.700000,621,148328,1000000
20.733333,622,149855,1000000
20.766667,623,151282,1000000
20.800000,624,152965,1000000
20.833333,625,154176,1000000
20.866667,626,155770,1000000
20.900000,627,157681,1000000
20.933333,628,159380,1000000
20.966667,629,160928,1000000
21.000000,630,162451,1000000
21.033333,631,162853,1000000
21.066667,632,165897,1000000
21.100000,633,166292,1000000
21.133333,634,168516,1000000
21.166667,635,169948,1000000
21.200000,636,170863,1000000
21.233333,637,172936,1000000
21.266667,638,173857,1000000
21.300000,639,175688,1000000
21.333333,640,177810,1000000
21.366667,641,178937,1000000
21.400000,642,180336,1000000
21.433333,643,182566,1000000
21.466667,644,184165,1000000
21.500000,645,185699,1000000
21.533333,646,187418,1000000
21.566667,647,188991,1000000
21.600000,648,190078,1000000
21.633333,649,192367,1000000
21.666667,650,194926,1000000
21.700000,651,195497,1000000
21.733333,652,197820,1000000
21.766667,653,199606,1000000
21.800000,654,202321,1000000
21.833333,655,202343,1000000
21.866667,656,205996,1000000
21.900000,657,206231,1000000
21.933333,658,209746,1000000
21.966667,659,210993,1000000
22.000000,660,213712,1000000
22.033333,661,215258,1000000
22.066667,662,217089,1000000
22.100000,663,219054,1000000
22.133333,664,221678,1000000
22.166667,665,223637,1000000
22.200000,666,224745,1000000
22.233333,667,227825,1000000
22.266667,668,229626,1000000
22.300000,669,232331,1000000
22.333333,670,233605,1000000
22.366667,671,236436,1000000
22.400000,672,237365,1000000
22.433333,673,239392,1000000
22.466667,674,242003,1000000
22.500000,675,243882,1000000
22.533333,676,246180,1000000
22.566667,677,249090,1000000
22.600000,678,250472,1000000
22.633333,679,252333,1000000
22.666667,680,254888,1000000
22.700000,681,256940,1000000
22.733333,682,258299,1000000
22.766667,683,261391,1000000
22.800000,684,262390,1000000
22.833333,685,265386,1000000
22.866667,686,267442,1000000
22.900000,687,269708,1000000
22.933333,688,270028,1000000
22.966667,689,273896,1000000
23.000000,690,275189,1000000
23.033333,691,276409,1000000
23.066667,692,279192,1000000
23.100000,693,280590,1000000
23.133333,694,282227,1000000
23.166667,695,284454,1000000
23.200000,696,286371,1000000
23.233333,697,287825,1000000
23.266667,698,289484,1000000
23.300000,699,292085,1000000
23.333333,700,293557,1000000
23.366667,701,295796,1000000
23.400000,702,296888,1000000
23.433333,703,299945,1000000
23.466667,704,300522,1000000
23.500000,705,303166,1000000
23.533333,706,304975,1000000
23.566667,707,306490,1000000
23.600000,708,309047,1000000
23.633333,709,310869,1000000
23.666667,710,313091,1000000
23.700000,711,313726,1000000
23.733333,712,317254,1000000
23.766667,713,317354,1000000
23.800000,714,321018,1000000
23.833333,715,320561,1000000
23.866667,716,323819,1000000
23.900000,717,323373,1000000
23.933333,718,326217,1000000
23.966667,719,327475,1000000
24.000000,720,329715,1000000
24.033333,721,331607,1000000
24.066667,722,331799,1000000
24.100000,723,334402,1000000
24.133333,724,336663,1000000
24.166667,725,337105,1000000
24.200000,726,339518,1000000
24.233333,727,340649,1000000
24.266667,728,344269,1000000
24.300000,729,344192,1000000
24.333333,730,347261,1000000
24.366667,731,348913,1000000
24.400000,732,351148,1000000
24.433333,733,352051,1000000
24.466667,734,356220,1000000
24.500000,735,357740,1000000
24.533333,736,359566,1000000
24.566667,737,360877,1000000
24.600000,738,364959,1000000
24.633333,739,366580,1000000
24.666667,740,369707,1000000
24.700000,741,370412,1000000
24.733333,742,376401,1000000
24.766667,743,376190,1000000
24.800000,744,380837,1000000
24.833333,745,382241,1000000
24.866667,746,385933,1000000
24.900000,747,388350,1000000
24.933333,748,391897,1000000
24.966667,749,394894,1000000
25.000000,750,397599,1000000
25.033333,751,400392,1000000
25.066667,752,403446,1000000
25.100000,753,405028,1000000
25.133333,754,408905,1000000
25.166667,755,412900,1000000
25.200000,756,415209,1000000
25.233333,757,418782,1000000
25.266667,758,420917,1000000
25.300000,759,425220,1000000
25.333333,760,427308,1000000
25.366667,761,432694,1000000
25.400000,762,433777,1000000
25.433333,763,440393,1000000
25.466667,764,442802,1000000
25.500000,765,447549,1000000
25.533333,766,449554,1000000
25.566667,767,456031,1000000
25.600000,768,456776,1000000
25.633333,769,464901,1000000
25.666667,770,466391,1000000
25.700000,771,473620,1000000
25.733333,772,477836,1000000
25.766667,773,483977,1000000
25.800000,774,487362,1000000
25.833333,775,495343,1000000
25.866667,776,500133,1000000
25.900000,777,508093,1000000
25.933333,778,513745,1000000
25.966667,779,522730,1000000
26.000000,780,530129,1000000
26.033333,781,538409,1000000
26.066667,782,548768,1000000
26.100000,783,555821,1000000
26.133333,784,567523,1000000
26.166667,785,576096,1000000
26.200000,786,586039,1000000
26.233333,787,596319,1000000
26.266667,788,607991,1000000
26.300000,789,617110,1000000
26.333333,790,628488,1000000
26.366667,791,636848,1000000
26.400000,792,648920,1000000
26.433333,793,658345,1000000
26.466667,794,668730,1000000
26.500000,795,675872,1000000
26.533333,796,685815,1000000
26.566667,797,692345,1000000
26.600000,798,701030,1000000
26.633333,799,707061,1000000
26.666667,800,716776,1000000
26.700000,801,723140,1000000
26.733333,802,731418,1000000
26.766667,803,736498,1000000
26.800000,804,744683,1000000
26.833333,805,748736,1000000
26.866667,806,754880,1000000
26.900000,807,760253,1000000
26.933333,808,764816,1000000
26.966667,809,769807,1000000
27.000000,810,774005,1000000
27.033333,811,778676,1000000
27.066667,812,784369,1000000
27.100000,813,788387,1000000
27.133333,814,792829,1000000
27.166667,815,797973,1000000
27.200000,816,801573,1000000
27.233333,817,806663,1000000
27.266667,818,813572,1000000
27.300000,819,818687,1000000
27.333333,820,824229,1000000
27.366667,821,829559,1000000
27.400000,822,834549,1000000
27.433333,823,839528,1000000
27.466667,824,844781,1000000
27.500000,825,849703,1000000
27.533333,826,855403,1000000
27.566667,827,859129,1000000
27.600000,828,864467,1000000
27.633333,829,867078,1000000
27.666667,830,872555,1000000
27.700000,831,874980,1000000
27.733333,832,879352,1000000
27.766667,833,881850,1000000
27.800000,834,886580,1000000
27.833333,835,888658,1000000
27.866667,836,894568,1000000
27.900000,837,895678,1000000
27.933333,838,899839,1000000
27.966667,839,903725,1000000
28.000000,840,907373,1000000
28.033333,841,910452,1000000
28.066667,842,914984,1000000
28.100000,843,918654,1000000
28.133333,844,922397,1000000
28.166667,845,926774,1000000
28.200000,846,930382,1000000
28.233333,847,934411,1000000
28.266667,848,937909,1000000
28.300000,849,941958,1000000
28.333333,850,944541,1000000
28.366667,851,949018,1000000
28.400000,852,952053,1000000
28.433333,853,956047,1000000
28.466667,854,958998,1000000
28.500000,855,962475,1000000
28.533333,856,965337,1000000
28.566667,857,967908,1000000
28.600000,858,970706,1000000
28.633333,859,972945,1000000
28.666667,860,976183,1000000
28.700000,861,978049,1000000
28.733333,862,980432,1000000
28.766667,863,982998,1000000
28.800000,864,984462,1000000
28.833333,865,987322,1000000
28.866667,866,989351,1000000
28.900000,867,991406,1000000
28.933333,868,992696,1000000
28.966667,869,994429,1000000
29.000000,870,995694,1000000
29.033333,871,996758,1000000
29.066667,872,998105,1000000
29.100000,873,998971,1000000
29.133333,874,999393,1000000
29.166667,875,999796,1000000
29.200000,876,999902,1000000
29.233333,877,1000000,1000000
